aa	odd	aa d		ɑ	a	a	Ʌ	ʌ
ah	hut	hh ah t		ʌ	uh	ə	Ə	ə
ae	at	ae t		æ	ae	æ	A	ᴀ
b	be	b iy		b	b	b	Ɜ	ɜ
k	key	k iy		k	c	c	C	c
d	dee	d iy		d	d	d	Ɔ	ɔ
dh	thee	dh iy		ð	dh	ð	Ꚛ	ꚛ
eh	ed	eh d		ɛ	e	e	Ɛ	ɛ 
iy	eat	iy t		i	i	i	Ҽ	ҽ 	Ҽ	e 	Ⲉ	ⲉ
f	fee	f iy		f	f	f	8	_
g	green	g r iy n	ɡ	g	g	6	_
hh	he	hh iy		h	h	h	H	ʜ
ih	it	ih t		ɪ	ih	ı	I	ı
y	yield	y iy l d	j	j	j	Ȝ	ȝ   ꟻ
ao	ought	ao t		ɔ	aw	ɑ	Ɑ	ɑ
l	lee	l iy		l	l	l	𐑙	_ Ⲗⲗ    Ⳑⳑ
m	me	m iy		m	m	m	M	ᴍ
n	knee	n iy		n	n	n	N	ɴ
ng	ping	p ih ng		ŋ	ng	ᵹ	ᛝ	ᛝ
ow	oat	ow t		oʊ	ou	ou	OV	ov
p	pee	p iy		p	p	p	𐐐	_
q	whale	wh ey l		ʍ	wh	ƕ	Ϙ	ϙ
r	read	r iy d		ɹ	r	r	R	ʀ
s	sea	s iy		s	s	s	S	s
t	tea	t iy		t	t	t	X	x
th	theta	th ey t ah	θ	th	þ	Ψ	ᴪ
uw	two	t uw		u	u	u	V	v
uh	hood	hh uh d		ʊ	oe	œ	Ɐ	ɐ
v	vee	v iy		v	v	v	9	_
w	we	w iy		w	w	w	F	ꜰ
sh	she	sh iy		ʃ	sh	ʃ	W	w
zh	seizure	s iy zh er	ʒ	zh	ȝ	Ɣ	ɣ   𐐜 𐑄
z	zee	z iy		z	z	z	Ƨ	ƨ
aw	cow	k aw		aʊ	au	au	ɅV	ʌv
ay	hide	hh ay d		aɪ	ai	aı	ɅI	ʌı
ch	cheese	ch iy z		tʃ	tsh	tʃ	XW	xw
er	hurt	hh er t		ʊɹ	oer	œr	ⱯR	ɐʀ
ey	ate	ey t		eɪ	ei	eı	ƐI	ɛı
jh	gee	jh iy		dʒ	dzh	dȝ	ƆƔ	ɔɣ
oy	toy	t oy		ɔɪ	awi	ɑı	OI	oı